symbol,stock_name,market_cap_type,category,threshold%,days_check,sector,business_domain,volatility_category,avg_daily_volume_category,,,comments
360ONE,,Mid_Cap,B,400,1,,,,,,,
3MINDIA,,Mid_Cap,B,400,1,,,,,,,
AADHARHFC,,Small_Cap,A,500,1,,,,,,,
AARTIIND,,Small_Cap,A,500,1,,,,,,,
AAVAS,,Small_Cap,A,500,1,,,,,,,
ABB,,Large_Cap,B,300,1,,,,,,,
ABBOTINDIA,,Mid_Cap,B,400,1,,,,,,,
ABCAPITAL,,Mid_Cap,B,400,1,,,,,,,
ABFRL,,Mid_Cap,B,400,1,,,,,,,
ABREL,,Small_Cap,A,500,1,,,,,,,
ABSLAMC,,Small_Cap,A,500,1,,,,,,,
ACC,,Mid_Cap,B,400,1,,,,,,,
ACE,,Small_Cap,A,500,1,,,,,,,
ACMESOLAR,,Small_Cap,A,500,1,,,,,,,
ADANIENSOL,,Large_Cap,B,300,1,,,,,,,
ADANIENT,,Large_Cap,A,200,1,,,,,,,
ADANIGREEN,,Large_Cap,B,300,1,,,,,,,
ADANIPORTS,,Large_Cap,A,200,1,,,,,,,
ADANIPOWER,,Large_Cap,B,300,1,,,,,,,
AEGISLOG,,Small_Cap,A,500,1,,,,,,,
AFCONS,,Small_Cap,A,500,1,,,,,,,
AFFLE,,Small_Cap,A,500,1,,,,,,,
AIAENG,,Mid_Cap,B,400,1,,,,,,,
AIIL,,Small_Cap,A,500,1,,,,,,,
AJANTPHARM,,Mid_Cap,B,400,1,,,,,,,
AKUMS,,Small_Cap,A,500,1,,,,,,,
ALIVUS,,Small_Cap,A,500,1,,,,,,,
ALKEM,,Mid_Cap,A,400,1,,,,,,,
ALKYLAMINE,,Small_Cap,A,500,1,,,,,,,
ALOKINDS,,Small_Cap,A,500,1,,,,,,,
AMBER,,Small_Cap,A,500,1,,,,,,,
AMBUJACEM,,Large_Cap,B,300,1,,,,,,,
ANANDRATHI,,Small_Cap,A,500,1,,,,,,,
ANANTRAJ,,Small_Cap,A,500,1,,,,,,,
ANGELONE,,Small_Cap,A,500,1,,,,,,,
APARINDS,,Mid_Cap,B,400,1,,,,,,,
APLAPOLLO,,Mid_Cap,B,400,1,,,,,,,
APLLTD,,Small_Cap,A,500,1,,,,,,,
APOLLOHOSP,,Large_Cap,B,200,1,,,,,,,
APOLLOTYRE,,Mid_Cap,B,400,1,,,,,,,
APTUS,,Small_Cap,A,500,1,,,,,,,
ARE&M,,Small_Cap,A,500,1,,,,,,,
ASAHIINDIA,,Small_Cap,A,500,1,,,,,,,
ASHOKLEY,,Mid_Cap,A,400,1,,,,,,,
ASIANPAINT,,Large_Cap,A,200,1,,,,,,,
ASTERDM,,Small_Cap,A,500,1,,,,,,,
ASTRAL,,Mid_Cap,A,400,1,,,,,,,
ASTRAZEN,,Small_Cap,A,500,1,,,,,,,
ATGL,,Mid_Cap,B,400,1,,,,,,,
ATUL,,Small_Cap,A,500,1,,,,,,,
AUBANK,,Mid_Cap,A,400,1,,,,,,,
AUROPHARMA,,Mid_Cap,A,400,1,,,,,,,
AWL,,Mid_Cap,B,400,1,,,,,,,
AXISBANK,,Large_Cap,A,200,1,,,,,,,
BAJAJ-AUTO,,Large_Cap,A,200,1,,,,,,,
BAJAJFINSV,,Large_Cap,A,200,1,,,,,,,
BAJAJHFL,,Large_Cap,B,300,1,,,,,,,
BAJAJHLDNG,,Large_Cap,B,300,1,,,,,,,
BAJFINANCE,,Large_Cap,A,200,1,,,,,,,
BALKRISIND,,Mid_Cap,B,400,1,,,,,,,
BALRAMCHIN,,Small_Cap,A,500,1,,,,,,,
BANDHANBNK,,Mid_Cap,B,400,1,,,,,,,
BANKBARODA,,Large_Cap,B,300,1,,,,,,,
BANKINDIA,,Mid_Cap,B,400,1,,,,,,,
BASF,,Small_Cap,A,500,1,,,,,,,
BATAINDIA,,Small_Cap,A,500,1,,,,,,,
BAYERCROP,,Small_Cap,A,500,1,,,,,,,
BBTC,,Small_Cap,A,500,1,,,,,,,
BDL,,Mid_Cap,B,400,1,,,,,,,
BEL,,Large_Cap,A,200,1,,,,,,,
BEML,,Small_Cap,A,500,1,,,,,,,
BERGEPAINT,,Mid_Cap,B,400,1,,,,,,,
BHARATFORG,,Mid_Cap,A,400,1,,,,,,,
BHARTIARTL,,Large_Cap,A,200,1,,,,,,,
BHARTIHEXA,,Mid_Cap,B,400,1,,,,,,,
BHEL,,Mid_Cap,A,400,1,,,,,,,
BIKAJI,,Small_Cap,A,500,1,,,,,,,
BIOCON,,Mid_Cap,B,400,1,,,,,,,
BLS,,Small_Cap,A,500,1,,,,,,,
BLUEDART,,Small_Cap,A,500,1,,,,,,,
BLUESTARCO,,Mid_Cap,B,400,1,,,,,,,
BOSCHLTD,,Large_Cap,B,300,1,,,,,,,
BPCL,,Large_Cap,B,300,1,,,,,,,
BRIGADE,,Small_Cap,A,500,1,,,,,,,
BRITANNIA,,Large_Cap,B,300,1,,,,,,,
BSE,,Mid_Cap,A,400,1,,,,,,,
BSOFT,,Small_Cap,A,500,1,,,,,,,
CAMPUS,,Small_Cap,A,500,1,,,,,,,
CAMS,,Small_Cap,A,500,1,,,,,,,
CANBK,,Large_Cap,B,300,1,,,,,,,
CANFINHOME,,Small_Cap,A,500,1,,,,,,,
CAPLIPOINT,,Small_Cap,A,500,1,,,,,,,
CARBORUNIV,,Small_Cap,A,500,1,,,,,,,
CASTROLIND,,Small_Cap,A,500,1,,,,,,,
CCL,,Small_Cap,A,500,1,,,,,,,
CDSL,,Small_Cap,A,500,1,,,,,,,
CEATLTD,,Small_Cap,A,500,1,,,,,,,
CENTRALBK,,Small_Cap,A,500,1,,,,,,,
CENTURYPLY,,Small_Cap,A,500,1,,,,,,,
CERA,,Small_Cap,A,500,1,,,,,,,
CESC,,Small_Cap,A,500,1,,,,,,,
CGCL,,Small_Cap,A,500,1,,,,,,,
CGPOWER,,Large_Cap,B,300,1,,,,,,,
CHALET,,Small_Cap,A,500,1,,,,,,,
CHAMBLFERT,,Small_Cap,A,500,1,,,,,,,
CHENNPETRO,,Small_Cap,A,500,1,,,,,,,
CHOLAFIN,,Large_Cap,B,300,1,,,,,,,
CHOLAHLDNG,,Small_Cap,A,500,1,,,,,,,
CIPLA,,Large_Cap,A,200,1,,,,,,,
CLEAN,,Small_Cap,A,500,1,,,,,,,
COALINDIA,,Large_Cap,A,200,1,,,,,,,
COCHINSHIP,,Mid_Cap,B,400,1,,,,,,,
COFORGE,,Mid_Cap,A,400,1,,,,,,,
COHANCE,,Small_Cap,A,500,1,,,,,,,
COLPAL,,Mid_Cap,A,400,1,,,,,,,
CONCOR,,Mid_Cap,A,400,1,,,,,,,
CONCORDBIO,,Small_Cap,A,500,1,,,,,,,
COROMANDEL,,Mid_Cap,B,400,1,,,,,,,
CRAFTSMAN,,Small_Cap,A,500,1,,,,,,,
CREDITACC,,Small_Cap,A,500,1,,,,,,,
CRISIL,,Mid_Cap,B,400,1,,,,,,,
CROMPTON,,Small_Cap,A,500,1,,,,,,,
CUB,,Small_Cap,A,500,1,,,,,,,
CUMMINSIND,,Mid_Cap,A,400,1,,,,,,,
CYIENT,,Small_Cap,A,500,1,,,,,,,
DABUR,,Large_Cap,B,300,1,,,,,,,
DALBHARAT,,Mid_Cap,B,400,1,,,,,,,
DATAPATTNS,,Small_Cap,A,500,1,,,,,,,
DBREALTY,,Small_Cap,A,500,1,,,,,,,
DCMSHRIRAM,,Small_Cap,A,500,1,,,,,,,
DEEPAKFERT,,Small_Cap,A,500,1,,,,,,,
DEEPAKNTR,,Mid_Cap,B,400,1,,,,,,,
DELHIVERY,,Small_Cap,A,500,1,,,,,,,
DEVYANI,,Small_Cap,A,500,1,,,,,,,
DIVISLAB,,Large_Cap,B,300,1,,,,,,,
DIXON,,Mid_Cap,A,400,1,,,,,,,
DLF,,Large_Cap,B,300,1,,,,,,,
DMART,,Large_Cap,B,300,1,,,,,,,
DOMS,,Small_Cap,A,500,1,,,,,,,
DRREDDY,,Large_Cap,A,200,1,,,,,,,
ECLERX,,Small_Cap,A,500,1,,,,,,,
EICHERMOT,,Large_Cap,A,200,1,,,,,,,
EIDPARRY,,Small_Cap,A,500,1,,,,,,,
EIHOTEL,,Small_Cap,A,500,1,,,,,,,
ELECON,,Small_Cap,A,500,1,,,,,,,
ELGIEQUIP,,Small_Cap,A,500,1,,,,,,,
EMAMILTD,,Mid_Cap,B,400,1,,,,,,,
EMCURE,,Small_Cap,A,500,1,,,,,,,
ENDURANCE,,Mid_Cap,B,400,1,,,,,,,
ENGINERSIN,,Small_Cap,A,500,1,,,,,,,
ERIS,,Small_Cap,A,500,1,,,,,,,
ESCORTS,,Mid_Cap,B,400,1,,,,,,,
ETERNAL,,Large_Cap,A,200,1,,,,,,,
EXIDEIND,,Mid_Cap,B,400,1,,,,,,,
FACT,,Small_Cap,A,500,1,,,,,,,
FEDERALBNK,,Mid_Cap,A,400,1,,,,,,,
FINCABLES,,Small_Cap,A,500,1,,,,,,,
FINPIPE,,Small_Cap,A,500,1,,,,,,,
FIRSTCRY,,Small_Cap,A,500,1,,,,,,,
FIVESTAR,,Small_Cap,A,500,1,,,,,,,
FLUOROCHEM,,Mid_Cap,B,400,1,,,,,,,
FORTIS,,Mid_Cap,B,400,1,,,,,,,
FSL,,Small_Cap,A,500,1,,,,,,,
GAIL,,Large_Cap,B,300,1,,,,,,,
GESHIP,,Small_Cap,A,500,1,,,,,,,
GICRE,,Mid_Cap,B,400,1,,,,,,,
GILLETTE,,Small_Cap,A,500,1,,,,,,,
GLAND,,Mid_Cap,B,400,1,,,,,,,
GLAXO,,Mid_Cap,B,400,1,,,,,,,
GLENMARK,,Mid_Cap,B,400,1,,,,,,,
GMDCLTD,,Small_Cap,A,500,1,,,,,,,
GMRAIRPORT,,Mid_Cap,A,400,1,,,,,,,
GNFC,,Small_Cap,A,500,1,,,,,,,
GODFRYPHLP,,Small_Cap,A,500,1,,,,,,,
GODIGIT,,Small_Cap,A,500,1,,,,,,,
GODREJAGRO,,Small_Cap,A,500,1,,,,,,,
GODREJCP,,Large_Cap,B,300,1,,,,,,,
GODREJIND,,Mid_Cap,B,400,1,,,,,,,
GODREJPROP,,Mid_Cap,A,400,1,,,,,,,
GPIL,,Small_Cap,A,500,1,,,,,,,
GPPL,,Small_Cap,A,500,1,,,,,,,
GRANULES,,Small_Cap,A,500,1,,,,,,,
GRAPHITE,,Small_Cap,A,500,1,,,,,,,
GRASIM,,Large_Cap,A,200,1,,,,,,,
GRAVITA,,Small_Cap,A,500,1,,,,,,,
GRSE,,Small_Cap,A,500,1,,,,,,,
GSPL,,Small_Cap,A,500,1,,,,,,,
GUJGASLTD,,Mid_Cap,B,400,1,,,,,,,
GVT&D,,Mid_Cap,B,400,1,,,,,,,
HAL,,Large_Cap,B,300,1,,,,,,,
HAPPSTMNDS,,Small_Cap,A,500,1,,,,,,,
HAVELLS,,Large_Cap,B,300,1,,,,,,,
HBLENGINE,,Small_Cap,A,500,1,,,,,,,
HCLTECH,,Large_Cap,A,200,1,,,,,,,
HDFCAMC,,Mid_Cap,A,400,1,,,,,,,
HDFCBANK,,Large_Cap,A,200,1,,,,,,,
HDFCLIFE,,Large_Cap,A,200,1,,,,,,,
HEG,,Small_Cap,A,500,1,,,,,,,
HEROMOTOCO,,Large_Cap,A,200,1,,,,,,,
HFCL,,Small_Cap,A,500,1,,,,,,,
HINDALCO,,Large_Cap,A,200,1,,,,,,,
HINDCOPPER,,Small_Cap,A,500,1,,,,,,,
HINDPETRO,,Mid_Cap,A,400,1,,,,,,,
HINDUNILVR,,Large_Cap,A,200,1,,,,,,,
HINDZINC,,Mid_Cap,B,400,1,,,,,,,
HOMEFIRST,,Small_Cap,A,500,1,,,,,,,
HONASA,,Small_Cap,A,500,1,,,,,,,
HONAUT,,Mid_Cap,B,400,1,,,,,,,
HSCL,,Small_Cap,A,500,1,,,,,,,
HUDCO,,Mid_Cap,B,400,1,,,,,,,
HYUNDAI,,Large_Cap,B,300,1,,,,,,,
ICICIBANK,,Large_Cap,A,200,1,,,,,,,
ICICIGI,,Large_Cap,B,300,1,,,,,,,
ICICIPRULI,,Large_Cap,B,300,1,,,,,,,
IDBI,,Small_Cap,A,500,1,,,,,,,
IDEA,,Mid_Cap,A,400,1,,,,,,,
IDFCFIRSTB,,Mid_Cap,A,400,1,,,,,,,
IEX,,Small_Cap,A,500,1,,,,,,,
IFCI,,Small_Cap,A,500,1,,,,,,,
IGIL,,Small_Cap,A,500,1,,,,,,,
IGL,,Mid_Cap,B,400,1,,,,,,,
IIFL,,Small_Cap,A,500,1,,,,,,,
IKS,,Small_Cap,A,500,1,,,,,,,
INDGN,,Small_Cap,A,500,1,,,,,,,
INDHOTEL,,Large_Cap,B,300,1,,,,,,,
INDIACEM,,Small_Cap,A,500,1,,,,,,,
INDIAMART,,Small_Cap,A,500,1,,,,,,,
INDIANB,,Mid_Cap,B,400,1,,,,,,,
INDIGO,,Large_Cap,B,300,1,,,,,,,
INDUSINDBK,,Large_Cap,A,200,1,,,,,,,
INDUSTOWER,,Mid_Cap,A,400,1,,,,,,,
INFY,,Large_Cap,A,200,1,,,,,,,
INOXINDIA,,Small_Cap,A,500,1,,,,,,,
INOXWIND,,Small_Cap,A,500,1,,,,,,,
INTELLECT,,Small_Cap,A,500,1,,,,,,,
IOB,,Small_Cap,A,500,1,,,,,,,
IOC,,Large_Cap,B,300,1,,,,,,,
IPCALAB,,Mid_Cap,B,400,1,,,,,,,
IRB,,Mid_Cap,B,400,1,,,,,,,
IRCON,,Small_Cap,A,500,1,,,,,,,
IRCTC,,Mid_Cap,A,400,1,,,,,,,
IREDA,,Mid_Cap,B,400,1,,,,,,,
IRFC,,Large_Cap,B,300,1,,,,,,,
ITC,,Large_Cap,A,200,1,,,,,,,
ITI,,Small_Cap,A,500,1,,,,,,,
J&KBANK,,Small_Cap,A,500,1,,,,,,,
JBCHEPHARM,,Small_Cap,A,500,1,,,,,,,
JBMA,,Small_Cap,A,500,1,,,,,,,
JINDALSAW,,Small_Cap,A,500,1,,,,,,,
JINDALSTEL,,Large_Cap,B,300,1,,,,,,,
JIOFIN,,Large_Cap,A,200,1,,,,,,,
JKCEMENT,,Mid_Cap,B,400,1,,,,,,,
JKTYRE,,Small_Cap,A,500,1,,,,,,,
JMFINANCIL,,Small_Cap,A,500,1,,,,,,,
JPPOWER,,Small_Cap,A,500,1,,,,,,,
JSL,,Mid_Cap,B,400,1,,,,,,,
JSWENERGY,,Large_Cap,B,300,1,,,,,,,
JSWINFRA,,Mid_Cap,B,400,1,,,,,,,
JSWSTEEL,,Large_Cap,A,200,1,,,,,,,
JUBLFOOD,,Mid_Cap,B,400,1,,,,,,,
JUBLINGREA,,Small_Cap,A,500,1,,,,,,,
JUBLPHARMA,,Small_Cap,A,500,1,,,,,,,
JUSTDIAL,,Small_Cap,A,500,1,,,,,,,
JWL,,Small_Cap,A,500,1,,,,,,,
JYOTHYLAB,,Small_Cap,A,500,1,,,,,,,
JYOTICNC,,Small_Cap,A,500,1,,,,,,,
KAJARIACER,,Small_Cap,A,500,1,,,,,,,
KALYANKJIL,,Mid_Cap,B,400,1,,,,,,,
KANSAINER,,Small_Cap,A,500,1,,,,,,,
KARURVYSYA,,Small_Cap,A,500,1,,,,,,,
KAYNES,,Small_Cap,A,500,1,,,,,,,
KEC,,Small_Cap,A,500,1,,,,,,,
KEI,,Mid_Cap,B,400,1,,,,,,,
KFINTECH,,Small_Cap,A,500,1,,,,,,,
KIMS,,Small_Cap,A,500,1,,,,,,,
KIRLOSBROS,,Small_Cap,A,500,1,,,,,,,
KIRLOSENG,,Small_Cap,A,500,1,,,,,,,
KNRCON,,Small_Cap,A,500,1,,,,,,,
KOTAKBANK,,Large_Cap,A,200,1,,,,,,,
KPIL,,Small_Cap,A,500,1,,,,,,,
KPITTECH,,Mid_Cap,B,400,1,,,,,,,
KPRMILL,,Mid_Cap,B,400,1,,,,,,,
LALPATHLAB,,Small_Cap,A,500,1,,,,,,,
LATENTVIEW,,Small_Cap,A,500,1,,,,,,,
LAURUSLABS,,Small_Cap,A,500,1,,,,,,,
LEMONTREE,,Small_Cap,A,500,1,,,,,,,
LICHSGFIN,,Mid_Cap,B,400,1,,,,,,,
LICI,,Large_Cap,B,300,1,,,,,,,
LINDEINDIA,,Mid_Cap,B,400,1,,,,,,,
LLOYDSME,,Mid_Cap,B,400,1,,,,,,,
LODHA,,Large_Cap,B,300,1,,,,,,,
LT,,Large_Cap,A,200,1,,,,,,,
LTF,,Mid_Cap,B,400,1,,,,,,,
LTFOODS,,Small_Cap,A,500,1,,,,,,,
LTIM,,Large_Cap,B,300,1,,,,,,,
LTTS,,Mid_Cap,B,400,1,,,,,,,
LUPIN,,Mid_Cap,A,400,1,,,,,,,
M&M,,Large_Cap,A,200,1,,,,,,,
M&MFIN,,Mid_Cap,B,400,1,,,,,,,
MAHABANK,,Mid_Cap,B,400,1,,,,,,,
MAHSEAMLES,,Small_Cap,A,500,1,,,,,,,
MANAPPURAM,,Small_Cap,A,500,1,,,,,,,
MANKIND,,Mid_Cap,B,400,1,,,,,,,
MANYAVAR,,Small_Cap,A,500,1,,,,,,,
MAPMYINDIA,,Small_Cap,A,500,1,,,,,,,
MARICO,,Mid_Cap,A,400,1,,,,,,,
MARUTI,,Large_Cap,A,200,1,,,,,,,
MASTEK,,Small_Cap,A,500,1,,,,,,,
MAXHEALTH,,Mid_Cap,A,400,1,,,,,,,
MAZDOCK,,Mid_Cap,B,400,1,,,,,,,
MCX,,Small_Cap,A,500,1,,,,,,,
MEDANTA,,Mid_Cap,B,400,1,,,,,,,
METROPOLIS,,Small_Cap,A,500,1,,,,,,,
MFSL,,Mid_Cap,B,400,1,,,,,,,
MGL,,Small_Cap,A,500,1,,,,,,,
MINDACORP,,Small_Cap,A,500,1,,,,,,,
MMTC,,Small_Cap,A,500,1,,,,,,,
MOTHERSON,,Large_Cap,B,300,1,,,,,,,
MOTILALOFS,,Mid_Cap,B,400,1,,,,,,,
MPHASIS,,Mid_Cap,A,400,1,,,,,,,
MRF,,Mid_Cap,A,400,1,,,,,,,
MRPL,,Mid_Cap,B,400,1,,,,,,,
MSUMI,,Mid_Cap,B,400,1,,,,,,,
MUTHOOTFIN,,Mid_Cap,A,400,1,,,,,,,
NAM-INDIA,,Mid_Cap,B,400,1,,,,,,,
NATCOPHARM,,Small_Cap,A,500,1,,,,,,,
NATIONALUM,,Mid_Cap,B,400,1,,,,,,,
NAUKRI,,Large_Cap,B,300,1,,,,,,,
NAVA,,Small_Cap,A,500,1,,,,,,,
NAVINFLUOR,,Small_Cap,A,500,1,,,,,,,
NBCC,,Small_Cap,A,500,1,,,,,,,
NCC,,Small_Cap,A,500,1,,,,,,,
NESTLEIND,,Large_Cap,A,200,1,,,,,,,
NETWEB,,Small_Cap,A,500,1,,,,,,,
NETWORK18,,Small_Cap,A,500,1,,,,,,,
NEULANDLAB,,Small_Cap,A,500,1,,,,,,,
NEWGEN,,Small_Cap,A,500,1,,,,,,,
NH,,Small_Cap,A,500,1,,,,,,,
NHPC,,Mid_Cap,A,400,1,,,,,,,
NIACL,,Mid_Cap,B,400,1,,,,,,,
NIVABUPA,,Small_Cap,A,500,1,,,,,,,
NLCINDIA,,Mid_Cap,B,400,1,,,,,,,
NMDC,,Mid_Cap,A,400,1,,,,,,,
NSLNISP,,Small_Cap,A,500,1,,,,,,,
NTPC,,Large_Cap,A,200,1,,,,,,,
NTPCGREEN,,Mid_Cap,B,400,1,,,,,,,
NUVAMA,,Small_Cap,A,500,1,,,,,,,
NYKAA,,Mid_Cap,B,400,1,,,,,,,
OBEROIRLTY,,Mid_Cap,A,400,1,,,,,,,
OFSS,,Mid_Cap,A,400,1,,,,,,,
OIL,,Mid_Cap,A,400,1,,,,,,,
OLAELEC,,Mid_Cap,B,400,1,,,,,,,
OLECTRA,,Small_Cap,A,500,1,,,,,,,
ONGC,,Large_Cap,A,200,1,,,,,,,
PAGEIND,,Mid_Cap,A,400,1,,,,,,,
PATANJALI,,Mid_Cap,B,400,1,,,,,,,
PAYTM,,Mid_Cap,A,400,1,,,,,,,
PCBL,,Small_Cap,A,500,1,,,,,,,
PEL,,Small_Cap,A,500,1,,,,,,,
PERSISTENT,,Mid_Cap,A,400,1,,,,,,,
PETRONET,,Mid_Cap,A,400,1,,,,,,,
PFC,,Large_Cap,B,300,1,,,,,,,
PFIZER,,Small_Cap,A,500,1,,,,,,,
PGEL,,Small_Cap,A,500,1,,,,,,,
PHOENIXLTD,,Mid_Cap,A,400,1,,,,,,,
PIDILITIND,,Large_Cap,B,300,1,,,,,,,
PIIND,,Mid_Cap,A,400,1,,,,,,,
PNB,,Large_Cap,B,300,1,,,,,,,
PNBHOUSING,,Small_Cap,A,500,1,,,,,,,
PNCINFRA,,Small_Cap,A,500,1,,,,,,,
POLICYBZR,,Mid_Cap,A,400,1,,,,,,,
POLYCAB,,Mid_Cap,A,400,1,,,,,,,
POLYMED,,Small_Cap,A,500,1,,,,,,,
POONAWALLA,,Small_Cap,A,500,1,,,,,,,
POWERGRID,,Large_Cap,A,200,1,,,,,,,
POWERINDIA,,Mid_Cap,B,400,1,,,,,,,
PPLPHARMA,,Small_Cap,A,500,1,,,,,,,
PRAJIND,,Small_Cap,A,500,1,,,,,,,
PREMIERENE,,Mid_Cap,B,400,1,,,,,,,
PRESTIGE,,Mid_Cap,A,400,1,,,,,,,
PTCIL,,Small_Cap,A,500,1,,,,,,,
PVRINOX,,Small_Cap,A,500,1,,,,,,,
RADICO,,Small_Cap,A,500,1,,,,,,,
RAILTEL,,Small_Cap,A,500,1,,,,,,,
RAINBOW,,Small_Cap,A,500,1,,,,,,,
RAMCOCEM,,Small_Cap,A,500,1,,,,,,,
RAYMOND,,Small_Cap,A,500,1,,,,,,,
RAYMONDLSL,,Small_Cap,A,500,1,,,,,,,
RBLBANK,,Small_Cap,A,500,1,,,,,,,
RCF,,Small_Cap,A,500,1,,,,,,,
RECLTD,,Large_Cap,B,300,1,,,,,,,
REDINGTON,,Small_Cap,A,500,1,,,,,,,
RELIANCE,,Large_Cap,A,200,1,,,,,,,
RENUKA,,Small_Cap,A,500,1,,,,,,,
RHIM,,Small_Cap,A,500,1,,,,,,,
RITES,,Small_Cap,A,500,1,,,,,,,
RKFORGE,,Small_Cap,A,500,1,,,,,,,
ROUTE,,Small_Cap,A,500,1,,,,,,,
RPOWER,,Small_Cap,A,500,1,,,,,,,
RRKABEL,,Small_Cap,A,500,1,,,,,,,
RTNINDIA,,Small_Cap,A,500,1,,,,,,,
RVNL,,Mid_Cap,B,400,1,,,,,,,
SAGILITY,,Small_Cap,A,500,1,,,,,,,
SAIL,,Mid_Cap,A,400,1,,,,,,,
SAILIFE,,Small_Cap,A,500,1,,,,,,,
SAMMAANCAP,,Small_Cap,A,500,1,,,,,,,
SAPPHIRE,,Small_Cap,A,500,1,,,,,,,
SARDAEN,,Small_Cap,A,500,1,,,,,,,
SAREGAMA,,Small_Cap,A,500,1,,,,,,,
SBFC,,Small_Cap,A,500,1,,,,,,,
SBICARD,,Mid_Cap,A,400,1,,,,,,,
SBILIFE,,Large_Cap,A,200,1,,,,,,,
SBIN,,Large_Cap,A,200,1,,,,,,,
SCHAEFFLER,,Mid_Cap,B,400,1,,,,,,,
SCHNEIDER,,Small_Cap,A,500,1,,,,,,,
SCI,,Small_Cap,A,500,1,,,,,,,
SHREECEM,,Large_Cap,B,300,1,,,,,,,
SHRIRAMFIN,,Large_Cap,A,200,1,,,,,,,
SHYAMMETL,,Small_Cap,A,500,1,,,,,,,
SIEMENS,,Large_Cap,B,300,1,,,,,,,
SIGNATURE,,Small_Cap,A,500,1,,,,,,,
SJVN,,Mid_Cap,B,400,1,,,,,,,
SKFINDIA,,Small_Cap,A,500,1,,,,,,,
SOBHA,,Small_Cap,A,500,1,,,,,,,
SOLARINDS,,Mid_Cap,B,400,1,,,,,,,
SONACOMS,,Mid_Cap,B,400,1,,,,,,,
SONATSOFTW,,Small_Cap,A,500,1,,,,,,,
SRF,,Mid_Cap,A,400,1,,,,,,,
STARHEALTH,,Mid_Cap,B,400,1,,,,,,,
SUMICHEM,,Small_Cap,A,500,1,,,,,,,
SUNDARMFIN,,Mid_Cap,B,400,1,,,,,,,
SUNDRMFAST,,Small_Cap,A,500,1,,,,,,,
SUNPHARMA,,Large_Cap,A,200,1,,,,,,,
SUNTV,,Mid_Cap,B,400,1,,,,,,,
SUPREMEIND,,Mid_Cap,A,400,1,,,,,,,
SUZLON,,Mid_Cap,B,400,1,,,,,,,
SWANENERGY,,Small_Cap,A,500,1,,,,,,,
SWIGGY,,Large_Cap,B,300,1,,,,,,,
SWSOLAR,,Small_Cap,A,500,1,,,,,,,
SYNGENE,,Mid_Cap,B,400,1,,,,,,,
SYRMA,,Small_Cap,A,500,1,,,,,,,
TANLA,,Small_Cap,A,500,1,,,,,,,
TARIL,,Small_Cap,A,500,1,,,,,,,
TATACHEM,,Small_Cap,A,500,1,,,,,,,
TATACOMM,,Mid_Cap,B,400,1,,,,,,,
TATACONSUM,,Large_Cap,A,200,1,,,,,,,
TATAELXSI,,Mid_Cap,B,400,1,,,,,,,
TATAINVEST,,Mid_Cap,B,400,1,,,,,,,
TATAMOTORS,,Large_Cap,A,200,1,,,,,,,
TATAPOWER,,Large_Cap,B,300,1,,,,,,,
TATASTEEL,,Large_Cap,A,200,1,,,,,,,
TATATECH,,Mid_Cap,B,400,1,,,,,,,
TBOTEK,,Small_Cap,A,500,1,,,,,,,
TCS,,Large_Cap,A,200,1,,,,,,,
TECHM,,Large_Cap,A,200,1,,,,,,,
TECHNOE,,Small_Cap,A,500,1,,,,,,,
TEJASNET,,Small_Cap,A,500,1,,,,,,,
THERMAX,,Mid_Cap,B,400,1,,,,,,,
TIINDIA,,Mid_Cap,A,400,1,,,,,,,
TIMKEN,,Small_Cap,A,500,1,,,,,,,
TITAGARH,,Small_Cap,A,500,1,,,,,,,
TITAN,,Large_Cap,A,200,1,,,,,,,
TORNTPHARM,,Large_Cap,B,300,1,,,,,,,
TORNTPOWER,,Mid_Cap,A,400,1,,,,,,,
TRENT,,Large_Cap,A,200,1,,,,,,,
TRIDENT,,Small_Cap,A,500,1,,,,,,,
TRITURBINE,,Small_Cap,A,500,1,,,,,,,
TRIVENI,,Small_Cap,A,500,1,,,,,,,
TTML,,Small_Cap,A,500,1,,,,,,,
TVSMOTOR,,Large_Cap,B,300,1,,,,,,,
UBL,,Mid_Cap,B,400,1,,,,,,,
UCOBANK,,Small_Cap,A,500,1,,,,,,,
ULTRACEMCO,,Large_Cap,A,200,1,,,,,,,
UNIONBANK,,Mid_Cap,B,400,1,,,,,,,
UNITDSPR,,Large_Cap,B,300,1,,,,,,,
UNOMINDA,,Mid_Cap,B,400,1,,,,,,,
UPL,,Mid_Cap,B,400,1,,,,,,,
USHAMART,,Small_Cap,A,500,1,,,,,,,
UTIAMC,,Small_Cap,A,500,1,,,,,,,
VBL,,Large_Cap,B,300,1,,,,,,,
VEDL,,Large_Cap,B,300,1,,,,,,,
VGUARD,,Small_Cap,A,500,1,,,,,,,
VIJAYA,,Small_Cap,A,500,1,,,,,,,
VMM,,Mid_Cap,B,400,1,,,,,,,
VOLTAS,,Mid_Cap,A,400,1,,,,,,,
VTL,,Small_Cap,A,500,1,,,,,,,
WAAREEENER,,Mid_Cap,B,400,1,,,,,,,
WELCORP,,Small_Cap,A,500,1,,,,,,,
WELSPUNLIV,,Small_Cap,A,500,1,,,,,,,
WESTLIFE,,Small_Cap,A,500,1,,,,,,,
WHIRLPOOL,,Small_Cap,A,500,1,,,,,,,
WIPRO,,Large_Cap,A,200,1,,,,,,,
WOCKPHARMA,,Small_Cap,A,500,1,,,,,,,
YESBANK,,Mid_Cap,A,400,1,,,,,,,
ZEEL,,Small_Cap,A,500,1,,,,,,,
ZENSARTECH,,Small_Cap,A,500,1,,,,,,,
ZENTEC,,Small_Cap,A,500,1,,,,,,,
ZFCVINDIA,,Small_Cap,A,500,1,,,,,,,
ZYDUSLIFE,,Large_Cap,B,300,1,,,,,,,
